0,6, 13, 63, 70, 91, 178, 218, 347, 368, 445, 487, 544, 576, 627, 644, 651, 668, 694, 743, 802, 863, 1084, 1085, 1107, 1279, 1387
1,3, 88, 91, 95, 117, 136, 166, 188, 358, 449, 576, 608, 747, 760, 828, 977, 1029, 1038, 1085, 1088, 1144, 1178, 1217, 1249, 1271, 1291, 1311, 1329
2,32, 91, 113, 123, 166, 188, 240, 259, 357, 436, 576, 644, 689, 781, 796, 876, 880, 955, 965, 1014, 1107, 1264, 1303, 1366, 1405
3,6, 18, 48, 88, 166, 194, 197, 281, 292, 315, 432, 456, 460, 644, 668, 747, 845, 880, 998, 1111, 1117, 1172, 1196, 1199, 1314, 1321, 1337, 1362, 1377, 1406
4,1, 3, 91, 95, 166, 235, 249, 358, 453, 576, 694, 743, 753, 802, 803, 805, 835, 1073, 1206, 1256
5,1, 91, 181, 240, 368, 445, 607, 849, 880, 960, 1109, 1115, 1158, 1217, 1387
6,6, 8, 50, 83, 224, 347, 368, 415, 433, 445, 447, 564, 572, 605, 805, 829, 857, 945, 946, 1085, 1105, 1115, 1120, 1195, 1204, 1279, 1283
7,18, 32, 49, 72, 252, 364, 544, 548, 560, 685, 695, 743, 804, 944, 961, 982, 995, 1015, 1116, 1178, 1190, 1259, 1269, 1281, 1283, 1310
8,22, 48, 95, 166, 230, 394, 423, 482, 522, 576, 580, 617, 644, 648, 687, 725, 781, 911, 963, 990, 1149, 1172, 1201, 1233, 1246, 1279, 1285, 1360, 1385, 1398
9,2, 13, 68, 91, 95, 109, 118, 166, 213, 239, 441, 617, 651, 711, 753, 802, 805, 890, 960, 1109, 1117, 1139, 1279, 1283, 1366
10,8, 18, 49, 55, 88, 197, 433, 641, 644, 747, 752, 845, 849, 858, 863, 960, 993, 1033, 1038, 1181, 1214, 1224, 1284, 1353, 1356, 1403
11,38, 122, 164, 183, 195, 339, 347, 368, 387, 394, 399, 464, 507, 522, 527, 611, 631, 660, 687, 694, 736, 828, 955, 1015, 1083, 1123, 1216, 1313, 1398
12,3, 68, 91, 166, 183, 224, 237, 259, 289, 462, 610, 745, 747, 823, 901, 910, 920, 1029, 1090, 1117, 1160, 1307, 1310, 1342, 1366, 1403
13,2, 3, 48, 91, 166, 171, 216, 217, 218, 251, 272, 347, 572, 725, 797, 814, 832, 878, 880, 1009, 1071, 1172, 1176, 1279, 1294, 1310, 1321
14,2, 4, 25, 61, 72, 140, 358, 404, 473, 498, 508, 514, 566, 648, 672, 837, 930, 996, 1005, 1071, 1081, 1082, 1085, 1138, 1251
15,2, 13, 57, 60, 96, 98, 109, 113, 127, 168, 368, 500, 548, 674, 747, 836, 880, 970, 1088, 1178, 1249, 1251, 1284, 1291, 1403
16,6, 13, 88, 91, 95, 168, 251, 368, 445, 446, 544, 564, 644, 743, 775, 802, 880, 929, 1029, 1063, 1088, 1105, 1109, 1217, 1227, 1247, 1283, 1353, 1381
17,48, 88, 127, 202, 234, 240, 445, 546, 576, 615, 644, 689, 697, 755, 781, 802, 845, 906, 960, 1058, 1115, 1217, 1228, 1310, 1321
18,88, 91, 188, 240, 330, 382, 395, 398, 444, 544, 686, 781, 797, 861, 870, 936, 943, 993, 1010, 1071, 1085, 1107, 1117, 1172, 1245, 1290, 1310, 1406
19,1, 6, 52, 76, 123, 166, 199, 272, 277, 346, 369, 442, 445, 467, 544, 644, 747, 960, 973, 1109, 1279, 1280, 1321, 1323
20,2, 48, 88, 163, 166, 197, 218, 305, 358, 471, 500, 507, 576, 644, 668, 679, 694, 717, 743, 828, 947, 1120, 1174, 1178, 1232, 1283, 1291, 1377, 1405
21,8, 10, 13, 25, 91, 270, 307, 391, 433, 435, 445, 537, 564, 619, 668, 694, 743, 780, 802, 828, 849, 1027, 1029, 1038, 1084, 1117, 1283, 1382
22,1, 24, 172, 201, 206, 251, 387, 494, 599, 857, 940, 1092
23,6, 91, 181, 282, 421, 445, 449, 544, 556, 564, 576, 641, 644, 668, 672, 694, 729, 743, 787, 880, 1029, 1110, 1117, 1339, 1403
24,13, 48, 91, 107, 197, 221, 237, 368, 398, 576, 644, 668, 725, 743, 760, 784, 787, 794, 802, 818, 845, 891, 942, 1018, 1109, 1264, 1284, 1342, 1387
25,6, 13, 48, 109, 161, 204, 212, 320, 398, 576, 606, 644, 672, 697, 845, 873, 880, 895, 1027, 1099, 1113, 1172, 1271, 1310, 1343
26,6, 13, 32, 88, 169, 195, 279, 296, 370, 371, 445, 551, 606, 644, 651, 802, 814, 849, 960, 1087, 1109, 1110, 1117, 1120, 1279, 1283
27,3, 48, 154, 199, 215, 279, 348, 399, 467, 644, 651, 709, 733, 754, 799, 853, 857, 880, 926, 1023, 1109, 1190, 1245, 1279, 1290, 1366, 1381, 1405
28,61, 166, 197, 214, 347, 358, 368, 435, 445, 564, 658, 672, 683, 739, 743, 780, 802, 814, 845, 996, 1030, 1085, 1217, 1283, 1291, 1318, 1323, 1341, 1403
29,2, 28, 61, 91, 181, 197, 214, 233, 319, 328, 368, 387, 445, 564, 638, 644, 658, 708, 743, 802, 960, 1033, 1035, 1164, 1206, 1217, 1279, 1283, 1342
30,2, 123, 157, 166, 178, 187, 240, 259, 289, 430, 568, 711, 732, 781, 805, 912, 1117, 1135, 1206, 1239, 1283, 1290, 1310, 1345, 1377, 1402
31,2, 4, 49, 82, 166, 170, 173, 358, 382, 388, 404, 513, 514, 548, 648, 747, 802, 857, 933, 945, 996, 1142, 1148, 1214, 1279, 1283, 1353, 1389, 1405
32,38, 49, 88, 91, 131, 197, 366, 445, 467, 607, 658, 802, 814, 908, 960, 977, 996, 1027, 1029, 1085, 1109, 1207, 1236, 1292, 1296, 1367, 1403
33,2, 17, 88, 95, 109, 166, 199, 360, 407, 606, 648, 651, 689, 781, 818, 885, 973, 1117, 1140, 1163, 1177, 1186, 1206, 1279, 1312
34,2, 48, 166, 170, 207, 272, 311, 368, 429, 458, 559, 564, 568, 572, 687, 689, 703, 857, 865, 894, 965, 1029, 1033, 1115, 1120, 1190, 1217, 1283, 1406
35,2, 31, 91, 113, 164, 240, 368, 387, 572, 644, 711, 743, 781, 955, 960, 1029, 1051, 1109, 1163, 1190, 1217, 1233, 1283, 1321, 1403
36,1, 18, 68, 109, 166, 347, 357, 358, 644, 710, 744, 757, 828, 880, 1072, 1085, 1156, 1247, 1291, 1360, 1366, 1377, 1390
37,13, 48, 95, 127, 215, 218, 229, 368, 524, 534, 617, 644, 651, 711, 748, 824, 857, 861, 880, 985, 1120, 1206, 1245, 1274, 1279
38,2, 3, 41, 83, 115, 125, 129, 130, 180, 218, 241, 246, 262, 305, 338, 489, 524, 565, 576, 631, 635, 638, 766, 1101, 1163, 1283, 1290, 1315, 1345, 1355
39,44, 49, 85, 91, 109, 113, 123, 207, 241, 435, 444, 449, 458, 617, 743, 747, 816, 945, 956, 991, 1217, 1268, 1271, 1279, 1400, 1401
40,18, 25, 94, 97, 113, 151, 251, 357, 401, 430, 457, 617, 641, 644, 651, 747, 802, 828, 1029, 1110, 1247, 1284, 1310, 1337, 1384, 1387
41,6, 61, 88, 91, 123, 199, 240, 358, 382, 449, 467, 576, 608, 672, 694, 711, 739, 743, 780, 849, 977, 1015, 1029, 1109, 1217, 1285, 1291, 1323, 1366
42,8, 23, 32, 85, 91, 197, 237, 433, 445, 449, 456, 476, 576, 682, 743, 775, 780, 856, 884, 908, 960, 1099, 1120, 1190, 1217, 1233, 1350, 1362, 1387, 1399
43,18, 49, 65, 107, 123, 166, 221, 357, 694, 743, 828, 845, 880, 947, 955, 960, 964, 1008, 1010, 1027, 1038, 1085, 1227, 1247, 1384, 1403
44,5, 75, 342, 385, 481, 522, 531, 567, 640, 697, 701, 753, 764, 791, 962, 1004, 1006, 1041, 1042, 1089, 1107, 1133, 1204, 1230, 1271
45,2, 25, 95, 181, 205, 294, 333, 434, 449, 458, 606, 634, 644, 672, 743, 765, 931, 963, 977, 996, 1034, 1143, 1201, 1224, 1244, 1282, 1320, 1342, 1347, 1385
46,2, 85, 91, 113, 163, 435, 467, 617, 644, 668, 743, 757, 814, 869, 870, 947, 984, 1085, 1172, 1224, 1245, 1323, 1351, 1366, 1403
47,2, 13, 23, 48, 91, 100, 166, 218, 240, 279, 467, 576, 617, 880, 928, 1029, 1088, 1115, 1117, 1120, 1150, 1206, 1257, 1258, 1261, 1279, 1321, 1406
48,1, 6, 68, 91, 160, 240, 445, 564, 743, 759, 802, 905, 1029, 1109, 1283
49,2, 3, 32, 88, 145, 166, 239, 382, 445, 467, 572, 602, 617, 631, 644, 738, 757, 857, 880, 946, 976, 1029, 1096, 1172, 1226, 1279, 1285, 1290
50,8, 91, 123, 166, 199, 240, 254, 368, 398, 433, 467, 544, 617, 644, 757, 770, 780, 955, 960, 988, 1027, 1115, 1120, 1267, 1284, 1307, 1349, 1403
51,8, 48, 88, 91, 166, 199, 223, 251, 293, 377, 433, 467, 572, 573, 608, 617, 631, 644, 826, 960, 990, 1117, 1172, 1201, 1217, 1220, 1246, 1280, 1321, 1322, 1385
52,6, 8, 88, 91, 113, 166, 205, 218, 368, 387, 396, 398, 433, 435, 441, 467, 576, 605, 644, 743, 752, 802, 857, 993, 1110, 1120, 1153, 1279, 1321
53,2, 32, 77, 91, 166, 168, 328, 358, 441, 445, 502, 617, 644, 802, 814, 834, 996, 1029, 1079, 1110, 1120, 1271, 1279, 1283, 1344
54,2, 13, 35, 91, 199, 218, 272, 496, 501, 544, 606, 651, 668, 747, 791, 849, 857, 874, 954, 960, 1044, 1061, 1107, 1191, 1215, 1283, 1284, 1315, 1338, 1387
55,40, 42, 88, 125, 135, 166, 169, 195, 206, 224, 375, 467, 482, 535, 606, 652, 658, 757, 855, 857, 963, 1029, 1078, 1085, 1109, 1139, 1159, 1161, 1219, 1244, 1353, 1360
56,2, 8, 48, 113, 154, 365, 398, 423, 466, 478, 522, 526, 548, 572, 593, 668, 715, 857, 870, 880, 1167, 1172, 1332, 1337, 1406
57,2, 48, 72, 88, 91, 109, 178, 368, 435, 606, 617, 661, 689, 755, 780, 802, 809, 861, 906, 1029, 1084, 1106, 1163, 1199, 1206, 1310, 1337, 1381, 1406
58,2, 3, 6, 32, 88, 295, 398, 476, 564, 629, 743, 780, 818, 849, 856, 880, 946, 947, 1029, 1085, 1109, 1120, 1213, 1233, 1283, 1322, 1323, 1350, 1366
59,6, 13, 135, 153, 166, 168, 179, 197, 215, 259, 392, 405, 467, 507, 544, 551, 564, 658, 743, 849, 960, 1029, 1085, 1107, 1109, 1214, 1343, 1362, 1366
60,3, 48, 91, 95, 113, 127, 144, 181, 259, 467, 550, 564, 576, 579, 668, 795, 863, 880, 1027, 1029, 1079, 1284, 1293, 1321, 1322, 1335, 1340, 1403, 1407
61,3, 25, 42, 50, 68, 72, 166, 169, 224, 325, 439, 493, 531, 638, 641, 643, 651, 664, 732, 870, 880, 903, 981, 1029, 1102, 1117, 1207, 1386
62,4, 9, 109, 132, 295, 306, 368, 413, 444, 544, 583, 606, 743, 773, 810, 857, 861, 898, 904, 916, 919, 959, 973, 1023, 1094, 1131, 1166, 1245, 1310
63,6, 13, 32, 91, 123, 178, 204, 272, 295, 421, 445, 448, 464, 694, 747, 794, 802, 828, 849, 955, 960, 1029, 1085, 1109, 1323
64,13, 50, 110, 168, 301, 398, 578, 585, 728, 747, 821, 877, 954, 957, 972, 1014, 1064, 1065, 1084, 1118, 1122, 1124, 1156, 1206, 1227, 1409
65,61, 88, 150, 197, 205, 240, 272, 305, 328, 358, 368, 467, 572, 704, 901, 947, 1026, 1038, 1109, 1156, 1201, 1217, 1283, 1366, 1385, 1387, 1405
66,2, 13, 197, 275, 280, 306, 309, 350, 370, 371, 413, 441, 447, 508, 576, 590, 606, 628, 662, 668, 694, 747, 828, 880, 960, 1029, 1084, 1109, 1195, 1203, 1321, 1369, 1387
67,26, 109, 123, 127, 183, 199, 240, 280, 286, 522, 526, 544, 606, 644, 752, 757, 861, 899, 914, 1027, 1029, 1033, 1203, 1279, 1283, 1310, 1337
68,13, 91, 168, 276, 307, 370, 371, 445, 544, 668, 743, 786, 849, 878, 918, 965, 1044, 1085, 1109, 1110, 1115, 1120, 1156, 1217, 1242, 1321
69,1, 119, 256, 266, 272, 318, 363, 818, 861, 960, 1058, 1178, 1201, 1206, 1337, 1385
70,1, 48, 72, 168, 181, 358, 415, 490, 576, 802, 845, 1029, 1048, 1088, 1109, 1181, 1217, 1247, 1362, 1363
71,3, 42, 48, 50, 88, 125, 231, 239, 348, 354, 368, 441, 553, 606, 612, 617, 638, 743, 849, 912, 1099, 1120, 1161, 1245, 1259, 1342
72,48, 79, 152, 166, 187, 302, 374, 379, 522, 644, 648, 689, 693, 694, 757, 778, 861, 879, 1029, 1033, 1052, 1224, 1310, 1337, 1370, 1374, 1379, 1403
73,1, 68, 148, 197, 254, 304, 368, 445, 572, 605, 634, 644, 694, 986, 1103, 1109, 1120, 1210, 1217
74,90, 91, 113, 125, 166, 188, 368, 454, 544, 597, 629, 658, 743, 818, 849, 921, 1027, 1029, 1099, 1109, 1120, 1156, 1217, 1322, 1366, 1377, 1406
75,6, 13, 88, 113, 195, 206, 264, 284, 317, 368, 464, 743, 794, 814, 863, 960, 961, 996, 1058, 1085, 1117, 1144, 1153, 1207, 1353
76,3, 48, 91, 109, 208, 279, 309, 444, 470, 644, 658, 699, 731, 743, 747, 810, 878, 880, 973, 1029, 1038, 1052, 1217, 1247, 1283, 1284, 1377
77,88, 91, 93, 113, 166, 199, 264, 329, 387, 449, 467, 544, 629, 743, 814, 847, 863, 931, 955, 965, 1096, 1120, 1190, 1235, 1373, 1377
78,1, 2, 107, 159, 294, 467, 651, 668, 728, 785, 912, 960, 1029, 1037, 1077, 1206, 1214, 1245, 1328, 1387
79,13, 18, 33, 166, 183, 188, 212, 240, 349, 539, 654, 699, 717, 793, 830, 906, 1087, 1106, 1202, 1211, 1264, 1298, 1334, 1366, 1392, 1403
80,4, 48, 113, 160, 183, 188, 210, 289, 298, 347, 368, 460, 570, 728, 743, 747, 880, 925, 955, 1069, 1080, 1119, 1189, 1327, 1353, 1372, 1396
81,12, 13, 44, 68, 107, 282, 320, 368, 445, 544, 658, 694, 743, 760, 762, 882, 913, 1027, 1029, 1084, 1085, 1088, 1109, 1134, 1195, 1335, 1384
82,113, 123, 125, 135, 157, 166, 169, 190, 238, 295, 389, 441, 542, 595, 644, 652, 719, 757, 814, 852, 861, 870, 880, 935, 1199, 1279
83,111, 200, 445, 576, 609, 633, 651, 676, 712, 726, 767, 802, 805, 909, 957, 1014, 1023, 1029, 1036, 1038, 1123, 1169, 1224, 1275, 1279, 1327, 1385, 1387
84,3, 13, 48, 146, 160, 166, 186, 188, 197, 199, 240, 270, 272, 445, 574, 658, 683, 747, 828, 880, 960, 1021, 1029, 1141, 1279, 1305, 1317, 1335, 1348
85,91, 95, 278, 279, 368, 390, 455, 592, 651, 708, 711, 743, 789, 852, 880, 897, 915, 973, 1034, 1114, 1213, 1255, 1280, 1284, 1296, 1297, 1403
86,13, 18, 88, 91, 166, 183, 195, 197, 241, 314, 412, 544, 576, 651, 684, 694, 743, 880, 1085, 1181, 1279, 1284, 1321, 1362, 1377
87,12, 13, 48, 68, 91, 356, 368, 544, 564, 658, 668, 673, 694, 770, 802, 852, 855, 906, 943, 960, 1029, 1078, 1093, 1109, 1110, 1117, 1159, 1217, 1264
88,6, 17, 53, 79, 91, 196, 209, 283, 287, 302, 361, 402, 506, 523, 540, 552, 594, 644, 722, 740, 835, 879, 955, 1019, 1029, 1073, 1109, 1172, 1173, 1279, 1291, 1366
89,25, 123, 169, 190, 195, 197, 206, 224, 264, 338, 445, 467, 576, 606, 743, 803, 1026, 1099, 1109, 1162, 1225, 1282, 1283, 1322, 1334, 1342
90,3, 6, 12, 32, 181, 197, 224, 241, 279, 370, 371, 391, 445, 564, 658, 696, 743, 779, 814, 851, 891, 1023, 1029, 1085, 1109, 1115, 1217, 1264, 1283, 1405
91,30, 49, 88, 157, 281, 382, 387, 389, 410, 444, 490, 522, 551, 644, 711, 718, 743, 777, 779, 880, 974, 977, 1079, 1109, 1120, 1132, 1199, 1264, 1338, 1387
92,37, 49, 85, 127, 190, 275, 307, 358, 368, 421, 467, 514, 576, 694, 765, 851, 880, 960, 977, 994, 996, 1085, 1109, 1117, 1190, 1267, 1335, 1376, 1377, 1384
93,3, 12, 32, 48, 91, 100, 113, 149, 288, 368, 382, 444, 550, 617, 651, 668, 761, 857, 880, 924, 960, 1029, 1090, 1120, 1217, 1279, 1321, 1381, 1397
94,2, 6, 83, 91, 123, 183, 289, 368, 406, 412, 458, 494, 507, 519, 522, 597, 629, 688, 743, 757, 880, 1029, 1038, 1085, 1109, 1172, 1213, 1263, 1310, 1364, 1377
95,2, 18, 169, 215, 251, 396, 398, 428, 488, 613, 633, 644, 743, 747, 750, 863, 954, 955, 993, 1084, 1109, 1117, 1201, 1279, 1283, 1284, 1341, 1366, 1385, 1403
96,72, 88, 104, 188, 477, 484, 514, 521, 529, 635, 649, 650, 679, 686, 716, 757, 800, 837, 852, 975, 977, 1027, 1031, 1187, 1190, 1253, 1291, 1347, 1403
97,2, 3, 6, 8, 123, 128, 139, 165, 169, 210, 218, 368, 421, 467, 482, 532, 547, 566, 597, 743, 802, 925, 955, 1085, 1099, 1109, 1117, 1213, 1279, 1337, 1353
98,23, 32, 85, 98, 100, 113, 123, 133, 166, 185, 207, 368, 387, 401, 447, 467, 544, 548, 576, 617, 618, 752, 849, 880, 1085, 1185, 1195, 1337, 1353, 1377
99,2, 48, 109, 234, 252, 268, 329, 368, 387, 524, 531, 582, 615, 644, 651, 857, 880, 906, 1038, 1109, 1217, 1245, 1247, 1310, 1344, 1373
100,2, 68, 109, 188, 240, 259, 263, 382, 467, 644, 731, 747, 749, 757, 780, 906, 911, 960, 988, 1084, 1109, 1110, 1252, 1283, 1290, 1291, 1342, 1366, 1387
101,67, 91, 166, 188, 203, 306, 338, 358, 368, 413, 451, 524, 640, 765, 780, 857, 860, 880, 956, 965, 1117, 1120, 1217, 1244, 1385, 1403
102,18, 32, 138, 197, 199, 210, 224, 421, 464, 576, 597, 651, 694, 710, 711, 743, 757, 794, 802, 814, 960, 1085, 1109, 1204, 1278, 1366
103,48, 49, 88, 109, 113, 120, 166, 240, 252, 357, 368, 576, 597, 644, 655, 694, 743, 802, 828, 880, 960, 987, 1044, 1085, 1109, 1117, 1172, 1271
104,3, 6, 91, 123, 166, 240, 368, 398, 421, 445, 467, 564, 587, 668, 669, 731, 780, 781, 808, 880, 896, 960, 1009, 1027, 1153, 1195, 1283, 1341, 1366
105,68, 166, 188, 212, 416, 445, 476, 575, 576, 617, 633, 644, 682, 697, 711, 747, 794, 802, 880, 960, 1105, 1117, 1217, 1272, 1365
106,2, 32, 85, 108, 191, 205, 259, 320, 445, 460, 543, 606, 617, 637, 644, 668, 849, 852, 873, 1023, 1085, 1110, 1117, 1196, 1247, 1283, 1366
107,2, 58, 84, 85, 91, 106, 115, 241, 335, 355, 403, 418, 576, 584, 724, 776, 802, 880, 907, 927, 1029, 1085, 1117, 1152, 1217, 1281, 1282, 1329, 1377, 1411
108,32, 91, 125, 149, 199, 240, 358, 382, 490, 570, 644, 665, 714, 725, 779, 860, 870, 915, 1029, 1068, 1117, 1172, 1179, 1270, 1284, 1285, 1295, 1327, 1349, 1381
109,91, 166, 205, 240, 276, 564, 644, 683, 694, 779, 878, 910, 960, 973, 1085, 1087, 1109, 1217, 1279, 1283, 1300, 1330, 1354, 1406
110,2, 42, 48, 60, 61, 88, 109, 166, 188, 358, 419, 441, 445, 467, 608, 618, 644, 747, 846, 906, 957, 977, 996, 1085, 1271, 1291, 1321, 1347, 1366
111,2, 13, 17, 18, 20, 68, 72, 91, 109, 261, 576, 607, 633, 789, 812, 815, 848, 880, 973, 1009, 1029, 1037, 1112, 1117, 1201, 1244, 1321, 1365, 1366, 1385
112,32, 178, 184, 197, 291, 341, 387, 443, 445, 570, 576, 624, 629, 647, 661, 725, 728, 743, 745, 747, 784, 817, 955, 960, 999, 1029, 1109, 1195, 1321, 1327, 1382, 1403
113,48, 91, 240, 445, 449, 544, 617, 634, 644, 672, 694, 803, 849, 857, 892, 955, 960, 996, 1029, 1038, 1088, 1109, 1209, 1217, 1228, 1264, 1283, 1366
114,48, 61, 123, 127, 166, 189, 224, 347, 387, 462, 467, 617, 644, 747, 790, 880, 901, 928, 955, 996, 1150, 1156, 1224, 1279, 1291, 1321
115,1, 12, 68, 142, 268, 576, 644, 663, 802, 803, 1014, 1038, 1056, 1243, 1321, 1370
116,7, 113, 166, 181, 291, 306, 413, 449, 548, 551, 644, 670, 672, 711, 717, 849, 970, 1011, 1087, 1099, 1181, 1217, 1222, 1242, 1272, 1347, 1403
117,13, 95, 181, 199, 240, 292, 424, 460, 524, 570, 572, 780, 800, 857, 880, 973, 996, 1033, 1065, 1109, 1163, 1206, 1217, 1284, 1327, 1366
118,48, 69, 109, 125, 199, 224, 321, 394, 617, 671, 687, 711, 747, 841, 893, 906, 911, 960, 973, 1044, 1100, 1117, 1163, 1246, 1284, 1285, 1321, 1337, 1375
119,1, 2, 66, 88, 91, 175, 257, 276, 550, 591, 605, 616, 717, 851, 878, 1025, 1085, 1130, 1242, 1271, 1353
120,1, 8, 32, 91, 141, 179, 368, 433, 551, 651, 658, 747, 814, 845, 996, 1085, 1109, 1217, 1284, 1403
121,2, 32, 91, 197, 204, 272, 398, 445, 456, 467, 711, 747, 814, 880, 955, 1007, 1023, 1029, 1085, 1109, 1110, 1277, 1346, 1370, 1382
122,2, 42, 91, 127, 136, 188, 225, 288, 305, 382, 384, 441, 638, 657, 677, 743, 770, 780, 797, 859, 863, 973, 1087, 1217, 1244, 1310, 1334, 1406
123,2, 6, 91, 113, 166, 232, 239, 281, 368, 449, 467, 477, 601, 617, 629, 644, 747, 750, 852, 1099, 1109, 1269, 1279, 1284, 1362, 1406
124,6, 13, 32, 68, 91, 251, 272, 289, 368, 396, 398, 564, 576, 617, 672, 743, 802, 825, 849, 907, 954, 955, 1046, 1096, 1109, 1283, 1334, 1377, 1387
125,2, 88, 91, 197, 272, 357, 512, 564, 689, 743, 828, 955, 1029, 1085, 1120, 1125, 1190, 1210, 1217, 1283, 1323, 1403
126,48, 68, 139, 214, 318, 445, 564, 577, 650, 711, 728, 845, 849, 880, 960, 973, 1027, 1088, 1099, 1105, 1109, 1212, 1217, 1218, 1399, 1403
127,8, 13, 91, 168, 183, 306, 368, 413, 445, 460, 544, 551, 596, 658, 743, 747, 751, 849, 880, 960, 989, 1029, 1084, 1085, 1109, 1110, 1153, 1181, 1190, 1217, 1366
128,1, 85, 743, 802, 1117, 1210
129,13, 91, 123, 132, 163, 345, 354, 373, 544, 598, 617, 651, 943, 955, 978, 1018, 1038, 1097, 1100, 1120, 1156, 1167, 1245, 1271, 1279, 1283, 1284, 1382, 1393
130,8, 18, 91, 107, 197, 368, 382, 433, 544, 554, 576, 644, 668, 694, 780, 787, 849, 853, 960, 1085, 1109, 1284, 1353, 1377, 1400, 1401, 1403
131,2, 3, 6, 13, 68, 91, 181, 197, 218, 286, 368, 445, 551, 564, 743, 849, 878, 960, 1009, 1023, 1029, 1099, 1217, 1271, 1283, 1403
132,1, 6, 181, 345, 368, 544, 709, 743, 802, 901, 973, 1029, 1190, 1283, 1284, 1296, 1337, 1371, 1404
133,6, 12, 32, 91, 214, 254, 421, 445, 512, 576, 644, 694, 743, 747, 849, 868, 880, 953, 955, 988, 1109, 1172, 1195, 1279, 1284, 1310, 1342, 1377, 1387
134,48, 88, 125, 251, 267, 553, 576, 600, 641, 644, 747, 781, 857, 861, 946, 960, 973, 1120, 1259, 1291, 1299, 1310, 1333, 1352, 1387, 1405
135,1, 8, 95, 181, 275, 306, 413, 433, 445, 802, 929, 1029, 1038, 1084, 1086, 1088, 1109, 1120, 1284
136,1, 95, 168, 181, 183, 263, 353, 358, 369, 382, 445, 544, 576, 715, 780, 781, 866, 947, 973, 1029, 1217, 1283, 1290, 1366
137,88, 91, 149, 204, 358, 368, 426, 435, 514, 576, 630, 644, 747, 780, 802, 851, 880, 947, 960, 1085, 1109, 1172, 1217, 1271, 1284, 1285, 1318, 1321, 1353
138,1, 2, 197, 224, 1109, 1283
139,2, 6, 68, 91, 95, 228, 288, 445, 515, 524, 544, 588, 694, 743, 766, 945, 1085, 1088, 1115, 1120, 1206, 1244, 1283, 1310, 1363
140,6, 34, 78, 109, 113, 127, 204, 320, 405, 421, 467, 482, 576, 637, 641, 648, 666, 694, 801, 818, 849, 873, 880, 960, 1038, 1085, 1259, 1284, 1362, 1387
141,6, 13, 45, 114, 123, 181, 289, 368, 380, 421, 431, 435, 445, 530, 639, 644, 743, 747, 760, 802, 888, 996, 1084, 1115, 1200, 1271, 1283, 1285, 1356
142,62, 89, 91, 123, 181, 240, 304, 368, 721, 747, 845, 861, 870, 880, 1048, 1090, 1095, 1117, 1201, 1233, 1245, 1296, 1370, 1377, 1385, 1403, 1406
143,2, 13, 18, 91, 100, 170, 181, 300, 368, 392, 445, 564, 576, 658, 694, 742, 743, 757, 802, 828, 955, 1027, 1029, 1085, 1172, 1283, 1323, 1366, 1371
144,16, 32, 91, 123, 136, 199, 211, 215, 240, 259, 338, 467, 617, 687, 752, 895, 912, 941, 988, 1028, 1107, 1140, 1180, 1224, 1279, 1283, 1310
145,48, 91, 95, 149, 204, 228, 240, 279, 490, 617, 644, 725, 733, 747, 757, 814, 845, 857, 861, 906, 1014, 1029, 1120, 1264, 1271, 1283, 1284, 1285, 1337
146,1, 13, 15, 50, 113, 168, 338, 359, 681, 849, 903, 1109, 1161, 1287
147,2, 6, 13, 51, 88, 91, 160, 240, 276, 300, 330, 368, 445, 452, 456, 467, 556, 564, 780, 802, 849, 955, 1029, 1109, 1153, 1214, 1290, 1381, 1387
148,54, 91, 92, 166, 210, 259, 263, 271, 408, 544, 682, 711, 713, 757, 849, 857, 863, 925, 946, 992, 1039, 1091, 1115, 1165, 1172, 1190, 1274, 1355, 1378, 1387, 1405, 1410
149,8, 13, 32, 91, 113, 123, 166, 167, 192, 276, 316, 576, 597, 642, 651, 818, 823, 849, 880, 1085, 1109, 1172, 1244, 1279, 1400, 1401, 1406
150,6, 13, 91, 112, 197, 218, 272, 368, 445, 507, 564, 644, 658, 694, 802, 828, 849, 908, 960, 989, 1029, 1084, 1109, 1377, 1399
151,6, 13, 136, 155, 168, 190, 224, 298, 605, 644, 733, 743, 769, 814, 944, 955, 1053, 1085, 1087, 1109, 1127, 1206, 1217, 1284, 1342, 1372, 1381, 1403, 1406
152,91, 123, 168, 183, 184, 218, 240, 251, 341, 412, 445, 647, 725, 784, 817, 880, 955, 960, 993, 1038, 1046, 1085, 1109, 1130, 1208, 1244, 1250, 1277, 1310, 1334
153,3, 18, 49, 68, 91, 169, 170, 229, 300, 331, 387, 549, 550, 572, 576, 644, 651, 711, 766, 768, 775, 842, 1084, 1109, 1345, 1351, 1366, 1381, 1384
154,6, 91, 166, 197, 264, 347, 445, 467, 561, 564, 576, 584, 585, 644, 694, 711, 901, 929, 960, 1009, 1038, 1109, 1198, 1217, 1323, 1409
155,2, 48, 81, 95, 109, 288, 467, 617, 644, 697, 711, 725, 731, 752, 805, 928, 956, 1120, 1140, 1150, 1172, 1279, 1291, 1331, 1337, 1370
156,6, 25, 91, 145, 168, 197, 294, 297, 368, 507, 512, 569, 570, 576, 658, 694, 743, 848, 880, 922, 951, 1023, 1027, 1065, 1088, 1109, 1264, 1276, 1310, 1381
157,2, 6, 13, 91, 107, 310, 358, 445, 544, 548, 576, 672, 743, 747, 802, 845, 849, 1029, 1044, 1048, 1110, 1144, 1172, 1217, 1323
158,13, 96, 127, 144, 166, 190, 197, 398, 576, 644, 802, 814, 955, 1029, 1084, 1109, 1110, 1213, 1217, 1256, 1264, 1310, 1323, 1341, 1342
159,32, 103, 166, 219, 240, 306, 329, 358, 368, 413, 606, 644, 694, 711, 747, 802, 880, 908, 955, 1013, 1029, 1033, 1109, 1166, 1233, 1283, 1373
160,1, 68, 257, 264, 299, 386, 508, 631, 849, 858, 878, 1085, 1109, 1212, 1217, 1394
161,13, 42, 142, 169, 172, 177, 240, 467, 572, 576, 644, 646, 743, 906, 960, 1009, 1023, 1085, 1109, 1117, 1120, 1149, 1185, 1206, 1337
162,8, 123, 145, 295, 433, 438, 467, 482, 562, 576, 606, 635, 648, 711, 743, 781, 844, 857, 911, 955, 996, 1023, 1112, 1117, 1217, 1291, 1381, 1393, 1398, 1405
163,13, 109, 251, 482, 553, 576, 606, 644, 689, 774, 778, 799, 857, 960, 973, 977, 1074, 1120, 1140, 1161, 1206, 1224, 1310, 1321, 1380
164,6, 13, 32, 197, 368, 445, 449, 507, 541, 576, 646, 668, 672, 694, 729, 814, 845, 909, 996, 1085, 1120, 1143, 1172, 1178, 1207, 1282, 1283, 1347, 1387
165,13, 62, 91, 95, 118, 130, 166, 197, 239, 240, 312, 320, 743, 974, 1022, 1085, 1109, 1183, 1187, 1244, 1266, 1283, 1301, 1366
166,48, 149, 166, 169, 240, 367, 368, 382, 400, 408, 474, 479, 544, 644, 668, 779, 789, 799, 996, 1033, 1109, 1199, 1204, 1217, 1247, 1285, 1291, 1324, 1381, 1387
167,48, 83, 99, 136, 143, 144, 197, 224, 277, 427, 598, 644, 757, 843, 857, 929, 950, 955, 1010, 1091, 1121, 1187, 1259, 1321, 1377
168,6, 49, 61, 77, 91, 144, 242, 279, 357, 358, 409, 472, 541, 694, 802, 828, 870, 880, 960, 996, 1029, 1085, 1109, 1271, 1283, 1353
169,3, 13, 42, 123, 216, 217, 218, 305, 324, 357, 445, 467, 517, 583, 697, 781, 790, 849, 857, 965, 993, 1065, 1106, 1109, 1274, 1279, 1342, 1366
170,1, 48, 91, 188, 215, 229, 240, 305, 329, 467, 576, 617, 711, 725, 743, 960, 1029, 1046, 1109, 1172, 1175, 1182, 1337, 1373
171,12, 13, 48, 68, 71, 166, 199, 263, 306, 382, 413, 445, 451, 528, 544, 576, 705, 715, 730, 849, 863, 1024, 1033, 1109, 1120, 1267, 1283, 1285, 1334, 1381, 1403
172,2, 13, 32, 48, 109, 166, 176, 188, 215, 251, 333, 387, 405, 482, 576, 617, 633, 644, 651, 735, 845, 857, 960, 1033, 1044, 1092, 1172, 1279, 1310, 1387
173,83, 123, 157, 166, 167, 239, 240, 251, 260, 463, 467, 644, 648, 698, 728, 747, 753, 780, 781, 785, 827, 889, 912, 988, 1107, 1154, 1274, 1279, 1325, 1381, 1408
174,6, 13, 32, 91, 123, 181, 197, 218, 240, 255, 368, 392, 398, 401, 445, 564, 644, 743, 880, 955, 1109, 1283, 1321, 1387, 1403
175,13, 73, 113, 136, 166, 191, 251, 387, 445, 512, 520, 576, 644, 747, 828, 849, 875, 955, 989, 1065, 1085, 1109, 1190, 1207, 1308, 1323
176,6, 109, 134, 166, 271, 281, 357, 387, 445, 467, 606, 659, 674, 747, 820, 828, 955, 989, 1029, 1044, 1085, 1109, 1170, 1188, 1190, 1227, 1237, 1267, 1310, 1323
177,52, 91, 166, 181, 358, 368, 445, 467, 607, 668, 743, 787, 802, 846, 947, 960, 1023, 1088, 1099, 1110, 1190, 1199, 1217, 1258, 1261, 1353, 1406
178,13, 91, 123, 127, 149, 240, 328, 347, 358, 368, 382, 445, 544, 626, 668, 747, 757, 863, 880, 917, 955, 996, 1084, 1109, 1271, 1285, 1377, 1391, 1393
179,13, 68, 88, 91, 95, 123, 199, 322, 511, 544, 644, 703, 725, 765, 780, 955, 960, 965, 1109, 1178, 1268, 1274, 1283, 1353, 1405
180,1, 88, 116, 240, 306, 368, 413, 424, 444, 608, 634, 644, 648, 664, 668, 687, 753, 852, 973, 996, 1157, 1194, 1360, 1384, 1406
181,13, 91, 93, 197, 210, 227, 398, 467, 564, 668, 723, 743, 780, 849, 896, 925, 960, 1020, 1085, 1109, 1129, 1144, 1260, 1279, 1282, 1304, 1354, 1356, 1366, 1377
182,13, 91, 166, 181, 197, 204, 306, 357, 358, 393, 413, 445, 668, 706, 743, 828, 960, 1023, 1027, 1029, 1109, 1156, 1217, 1274, 1283, 1323, 1326
183,64, 74, 77, 107, 166, 169, 214, 250, 279, 344, 400, 576, 632, 668, 694, 708, 745, 803, 867, 880, 906, 1049, 1050, 1084, 1100, 1147, 1245, 1385, 1387
184,2, 123, 188, 259, 279, 330, 358, 481, 486, 526, 581, 628, 644, 682, 747, 778, 780, 781, 897, 955, 1238, 1310, 1337, 1357, 1387
185,1, 95, 107, 234, 274, 303, 339, 747, 803, 1149, 1206, 1233
186,6, 8, 13, 91, 96, 123, 159, 188, 197, 215, 306, 413, 422, 445, 469, 576, 644, 694, 743, 752, 760, 781, 802, 828, 1029, 1085, 1109, 1156, 1217, 1265, 1283
187,1, 10, 13, 48, 91, 320, 601, 668, 694, 747, 752, 1192, 1217, 1284, 1321, 1377
188,1, 42, 83, 101, 130, 181, 190, 240, 298, 347, 368, 422, 522, 694, 738, 753, 802, 819, 912, 993, 1012, 1116, 1145, 1184, 1254, 1284, 1321
189,1, 2, 3, 224, 378, 425, 445, 491, 794, 1088, 1109, 1302, 1355
190,1, 13, 91, 109, 166, 190, 259, 462, 485, 602, 644, 711, 725, 870, 960, 1023, 1117, 1244, 1268, 1291
191,1, 88, 107, 157, 240, 279, 305, 338, 339, 394, 447, 482, 557, 606, 780, 787, 864, 915, 1067, 1172, 1195, 1206, 1283, 1366
192,3, 78, 91, 145, 168, 210, 224, 240, 248, 299, 347, 445, 467, 644, 743, 878, 906, 925, 1085, 1099, 1109, 1120, 1142, 1172, 1214, 1217, 1264, 1334, 1342
193,2, 170, 222, 337, 368, 381, 445, 512, 548, 551, 575, 625, 651, 665, 668, 694, 711, 714, 728, 743, 781, 802, 857, 878, 1084, 1109, 1245, 1283, 1403, 1406
194,1, 109, 125, 168, 218, 240, 381, 541, 572, 576, 653, 711, 782, 791, 849, 861, 872, 912, 1178, 1193, 1279, 1336
195,1, 2, 18, 88, 253, 343, 362, 437, 516, 529, 641, 648, 822, 838, 870, 902, 912, 1104, 1107, 1240, 1262, 1288, 1299, 1310, 1352
196,2, 48, 166, 174, 188, 240, 259, 276, 327, 332, 338, 633, 711, 722, 752, 772, 790, 824, 906, 946, 1158, 1221, 1224, 1264, 1366
197,25, 48, 88, 95, 147, 197, 358, 368, 445, 504, 505, 564, 576, 644, 694, 711, 845, 880, 971, 977, 996, 1029, 1085, 1109, 1291, 1400, 1401
198,10, 32, 68, 272, 275, 279, 306, 413, 445, 453, 558, 634, 743, 747, 802, 820, 831, 845, 861, 880, 960, 967, 968, 1029, 1043, 1085, 1179, 1199, 1204, 1403
199,48, 91, 214, 215, 308, 336, 503, 576, 620, 675, 700, 706, 802, 833, 845, 937, 954, 958, 963, 1038, 1058, 1075, 1109, 1116, 1117, 1156, 1168, 1229, 1337
200,3, 48, 123, 127, 166, 339, 383, 384, 576, 595, 644, 656, 689, 824, 857, 863, 965, 1023, 1033, 1085, 1104, 1166, 1279, 1366, 1374
201,1, 229, 240, 358, 597, 604, 690, 747, 752, 803, 862, 999, 1014, 1085, 1109, 1155, 1322, 1353, 1387
202,2, 32, 88, 177, 215, 224, 239, 240, 267, 387, 461, 644, 743, 803, 850, 870, 977, 1109, 1115, 1204, 1206, 1251, 1274, 1283, 1406
203,6, 43, 88, 91, 188, 387, 398, 467, 476, 507, 617, 645, 668, 694, 781, 860, 883, 915, 960, 1085, 1117, 1377, 1388, 1408
204,2, 48, 88, 107, 127, 235, 238, 240, 244, 260, 379, 382, 445, 504, 505, 541, 572, 606, 651, 747, 880, 973, 1042, 1047, 1117, 1206, 1234, 1345, 1405
205,88, 107, 136, 282, 438, 479, 539, 563, 654, 669, 678, 691, 731, 849, 854, 948, 1244, 1282, 1284, 1310, 1321, 1377, 1387, 1403, 1406
206,42, 56, 91, 166, 232, 288, 338, 415, 526, 547, 576, 644, 711, 733, 737, 783, 880, 915, 938, 952, 960, 1023, 1029, 1109, 1206, 1231, 1279, 1321, 1337
207,12, 22, 88, 95, 100, 181, 199, 339, 358, 544, 644, 651, 710, 743, 747, 781, 828, 849, 857, 977, 996, 1029, 1085, 1206, 1279
208,3, 6, 68, 91, 166, 181, 205, 224, 368, 617, 623, 629, 644, 668, 694, 747, 960, 973, 1023, 1066, 1090, 1109, 1245, 1259, 1279
209,11, 13, 88, 91, 166, 182, 188, 199, 240, 444, 617, 644, 747, 757, 811, 849, 870, 973, 1001, 1088, 1109, 1171, 1321, 1337, 1353, 1354, 1387
210,1, 276, 347, 499, 555, 576, 694, 803, 828, 880, 943, 984, 985, 1054, 1084, 1088, 1109, 1264, 1284, 1323, 1361
211,6, 42, 46, 83, 87, 145, 169, 188, 212, 218, 367, 445, 510, 597, 682, 787, 900, 948, 965, 1099, 1109, 1172, 1217, 1273, 1285, 1387
212,113, 166, 219, 229, 240, 271, 295, 368, 392, 398, 412, 421, 467, 648, 780, 781, 837, 840, 870, 880, 928, 965, 1027, 1150, 1170, 1224, 1227, 1247, 1267, 1306, 1310, 1322, 1337, 1381
213,13, 91, 183, 215, 236, 272, 398, 445, 456, 564, 576, 630, 694, 743, 880, 954, 960, 1027, 1029, 1099, 1105, 1117, 1169, 1264, 1282, 1346, 1387, 1395, 1403
214,1, 2, 13, 91, 113, 199, 544, 545, 717, 937, 960, 1109, 1223
215,42, 107, 135, 195, 306, 339, 387, 413, 441, 522, 524, 576, 710, 711, 747, 846, 857, 973, 1014, 1086, 1117, 1275, 1283, 1345, 1387, 1392
216,36, 95, 229, 411, 449, 512, 531, 562, 714, 753, 814, 839, 852, 887, 1046, 1076, 1088, 1109, 1178, 1193, 1194, 1279, 1346, 1400, 1401
217,4, 88, 183, 197, 241, 295, 368, 420, 436, 450, 509, 522, 591, 694, 702, 760, 802, 849, 1016, 1017, 1029, 1059, 1117, 1283, 1369, 1377
218,1, 42, 323, 352, 533, 536, 538, 614, 638, 806, 857, 906, 1061, 1109, 1359
219,1, 2, 181, 197, 272, 318, 564, 617, 668, 694, 723, 849, 1109, 1353
220,1, 6, 10, 109, 174, 181, 243, 272, 357, 441, 445, 507, 576, 631, 694, 743, 747, 788, 828, 849, 880, 1033, 1099, 1109, 1214, 1217
221,8, 12, 13, 32, 48, 91, 109, 113, 170, 197, 204, 218, 240, 254, 398, 431, 433, 564, 576, 628, 668, 743, 755, 780, 802, 851, 1027, 1109, 1241, 1283
222,1, 88, 181, 459, 497, 757, 760, 932, 943, 988, 1014, 1107, 1248, 1291, 1312
223,91, 165, 251, 254, 285, 307, 334, 398, 468, 522, 544, 644, 668, 747, 752, 757, 818, 870, 1109, 1112, 1172, 1259, 1279, 1310, 1366
224,1, 8, 13, 95, 168, 334, 398, 433, 449, 467, 591, 603, 743, 849, 851, 973, 996, 1040, 1109, 1120, 1190, 1207, 1217, 1292, 1337
225,1, 18, 21, 48, 88, 95, 169, 224, 232, 339, 605, 629, 644, 689, 692, 857, 863, 881, 886, 949, 954, 960, 1109, 1128, 1151, 1285
226,1, 19, 91, 136, 156, 188, 240, 247, 354, 518, 525, 576, 586, 754, 757, 857, 997, 1117, 1172, 1206, 1247, 1337, 1342
227,1, 8, 91, 95, 224, 433, 572, 576, 644, 757, 1109, 1120, 1217, 1242, 1284
228,2, 67, 72, 86, 102, 105, 124, 137, 158, 286, 358, 417, 435, 449, 492, 548, 636, 672, 758, 792, 851, 977, 1031, 1070, 1116, 1251, 1309
229,48, 51, 109, 166, 210, 215, 269, 300, 327, 394, 644, 703, 747, 765, 863, 887, 925, 939, 960, 966, 1144, 1201, 1262, 1274, 1279, 1291, 1321, 1366, 1368, 1385, 1398
230,2, 48, 88, 127, 162, 199, 240, 249, 382, 387, 415, 576, 644, 651, 781, 818, 906, 955, 960, 977, 1033, 1120, 1144, 1178, 1206, 1279, 1285, 1321
231,18, 35, 204, 212, 232, 368, 445, 468, 512, 622, 656, 707, 709, 720, 747, 813, 880, 954, 955, 970, 1003, 1057, 1062, 1136, 1194, 1205, 1217
232,3, 5, 14, 59, 88, 96, 203, 218, 220, 224, 231, 279, 631, 651, 732, 993, 1038, 1206, 1227, 1244, 1247, 1275, 1289, 1310, 1383, 1387
233,1, 80, 91, 126, 239, 240, 290, 375, 376, 467, 531, 601, 656, 680, 714, 719, 857, 861, 916, 1023, 1032, 1087, 1094, 1115, 1137, 1146, 1286, 1393
234,4, 47, 190, 224, 228, 234, 313, 326, 387, 414, 618, 651, 728, 747, 756, 757, 803, 805, 955, 1045, 1126, 1206, 1259, 1279, 1358
235,117, 145, 166, 198, 358, 440, 486, 514, 548, 564, 588, 771, 773, 814, 1000, 1029, 1060, 1084, 1109, 1112, 1178, 1217, 1279, 1281, 1341
236,13, 25, 39, 68, 135, 273, 275, 300, 428, 441, 572, 576, 628, 641, 644, 743, 861, 958, 960, 963, 979, 1044, 1085, 1109, 1153, 1283, 1315, 1341, 1381
237,3, 88, 91, 109, 121, 197, 224, 276, 351, 368, 372, 401, 572, 629, 689, 697, 743, 747, 780, 960, 1055, 1098, 1109, 1178, 1190, 1387
238,1, 6, 42, 49, 91, 169, 199, 305, 368, 422, 564, 609, 633, 641, 651, 672, 741, 752, 818, 845, 996, 1029, 1143, 1217, 1291, 1387, 1403
239,2, 13, 48, 68, 88, 109, 195, 226, 240, 387, 441, 524, 576, 621, 703, 747, 803, 857, 934, 1058, 1117, 1197, 1224, 1245, 1279
240,27, 29, 48, 75, 172, 195, 251, 265, 465, 495, 571, 644, 667, 747, 752, 763, 805, 903, 912, 969, 1100, 1117, 1172, 1259, 1366
241,143, 258, 260, 340, 397, 475, 553, 628, 687, 727, 753, 772, 780, 781, 784, 923, 935, 973, 984, 1108, 1161, 1291, 1371, 1380, 1405
242,1, 109, 184, 193, 215, 245, 259, 341, 468, 480, 483, 589, 595, 606, 617, 647, 652, 725, 734, 746, 757, 784, 798, 807, 817, 871, 980, 983, 1002, 1316, 1319, 1368
